model,scale,term,estimate,se,p,lower,upper,N,clusters
B0_null,coefficient,exercise:13b.provcd,0,0,,0,0,15165,23
B0_null,coefficient,exercise:14.provcd,.2451766207193165,.011070333,0,.22347917,.26687407,15165,23
B0_null,coefficient,exercise:21.provcd,-.0232083895083296,.016864525,.16877018,-.056262251,.0098454719,15165,23
B0_null,coefficient,exercise:22.provcd,-.1439090104668636,.029469343,1.0430041e-06,-.20166786,-.086150162,15165,23
B0_null,coefficient,exercise:23.provcd,.2068082572874006,.034693092,2.5057807e-09,.13881105,.27480546,15165,23
B0_null,coefficient,exercise:31.provcd,.7601903124683747,.086375669,1.3563005e-18,.59089708,.92948353,15165,23
B0_null,coefficient,exercise:32.provcd,.3697794307496426,.096828632,.00013404488,.1799988,.55956006,15165,23
B0_null,coefficient,exercise:33.provcd,-.0948662910337758,.051877152,.067448772,-.19654363,.0068110572,15165,23
B0_null,coefficient,exercise:34.provcd,-.5852102475742229,.018977961,0,-.62240636,-.5480141,15165,23
B0_null,coefficient,exercise:35.provcd,-.7271838198168948,.01843648,0,-.76331866,-.69104898,15165,23
B0_null,coefficient,exercise:36.provcd,-.954747575793843,.0082686469,0,-.97095382,-.93854135,15165,23
B0_null,coefficient,exercise:37.provcd,-.5323390094259074,.003682049,0,-.53955567,-.52512234,15165,23
B0_null,coefficient,exercise:41.provcd,.2122799287051995,.012934431,0,.18692891,.23763095,15165,23
B0_null,coefficient,exercise:42.provcd,-.4634313860852927,.012658187,0,-.48824099,-.43862179,15165,23
B0_null,coefficient,exercise:43.provcd,-.8229587358835732,.022120059,0,-.86631328,-.7796042,15165,23
B0_null,coefficient,exercise:44.provcd,-.2318148044683424,.0022782399,0,-.23628007,-.22734953,15165,23
B0_null,coefficient,exercise:45.provcd,-.7685980545649955,.011065024,0,-.79028511,-.74691099,15165,23
B0_null,coefficient,exercise:50.provcd,-.3398620016722982,.0067600748,0,-.35311151,-.3266125,15165,23
B0_null,coefficient,exercise:51.provcd,-.2940123778715711,.013877071,0,-.32121095,-.26681381,15165,23
B0_null,coefficient,exercise:52.provcd,-.8270948864775538,.0025866495,0,-.83216465,-.82202512,15165,23
B0_null,coefficient,exercise:53.provcd,-1.10167326189675,.0096618468,0,-1.1206101,-1.0827364,15165,23
B0_null,coefficient,exercise:61.provcd,-.2486393046695811,.018589951,0,-.28507495,-.21220367,15165,23
B0_null,coefficient,exercise:62.provcd,-.4493468576625482,.012304748,0,-.47346371,-.42523,15165,23
B0_null,coefficient,exercise:2010b.year,0,0,,0,0,15165,23
B0_null,coefficient,exercise:2014.year,1.149460874950841,.19148755,1.9394732e-09,.77415216,1.5247695,15165,23
B0_null,coefficient,exercise:_cons,-1.941607023405515,.10879485,0,-2.1548409,-1.7283731,15165,23
B0_null,coefficient,/var(_cons[cid_wave]),.6279803677767646,.053191852,3.6365796e-32,.52372622,.73223448,15165,23
B1_baseline,coefficient,exercise:edu,.3580947613716839,.041540392,6.6721042e-18,.2766771,.43951243,15165,23
B1_baseline,coefficient,exercise:0b.plants,0,0,,0,0,15165,23
B1_baseline,coefficient,exercise:1.plants,-.1194021584808014,.23187296,.60659045,-.57386482,.33506051,15165,23
B1_baseline,coefficient,exercise:age_c,.0045732233056055,.0056856251,.42119581,-.0065703969,.015716843,15165,23
B1_baseline,coefficient,exercise:age_c2,.0008507998077948,.00012917364,4.5037207e-11,.00059762411,.0011039755,15165,23
B1_baseline,coefficient,exercise:0b.gender,0,0,,0,0,15165,23
B1_baseline,coefficient,exercise:1.gender,.2975535280700692,.083153948,.00034577676,.13457479,.46053228,15165,23
B1_baseline,coefficient,exercise:0b.marriage,0,0,,0,0,15165,23
B1_baseline,coefficient,exercise:1.marriage,-.3938476981994702,.03924419,1.0607275e-23,-.47076491,-.3169305,15165,23
B1_baseline,coefficient,exercise:ln_income,.0004972812938142,.0056086699,.92934978,-.010495509,.011490072,15165,23
B1_baseline,coefficient,exercise:1b.health3,0,0,,0,0,15165,23
B1_baseline,coefficient,exercise:2.health3,-.0867838042823535,.095860131,.36529747,-.27466622,.1010986,15165,23
B1_baseline,coefficient,exercise:3.health3,.0040127230533787,.063598029,.94969076,-.12063713,.12866257,15165,23
B1_baseline,coefficient,exercise:0b.sportsArea,0,0,,0,0,15165,23
B1_baseline,coefficient,exercise:1.sportsArea,.4032885197472569,.090611108,8.5565980e-06,.225694,.58088303,15165,23
B1_baseline,coefficient,exercise:13b.provcd,0,0,,0,0,15165,23
B1_baseline,coefficient,exercise:14.provcd,.0947347974314611,.043691337,.030137837,.009101348,.18036824,15165,23
B1_baseline,coefficient,exercise:21.provcd,-.0062896491181393,.18887895,.97343546,-.37648562,.36390629,15165,23
B1_baseline,coefficient,exercise:22.provcd,-.382740251964153,.19801848,.05325453,-.77084935,.0053688297,15165,23
B1_baseline,coefficient,exercise:23.provcd,.3403669100265137,.11743518,.0037514539,.11019818,.57053566,15165,23
B1_baseline,coefficient,exercise:31.provcd,.3689857139176115,.21981193,.093221672,-.061837744,.79980916,15165,23
B1_baseline,coefficient,exercise:32.provcd,.3780843461598639,.15708336,.016088458,.070206627,.68596208,15165,23
B1_baseline,coefficient,exercise:33.provcd,-.5820741733350387,.20664409,.0048505384,-.98708916,-.17705919,15165,23
B1_baseline,coefficient,exercise:34.provcd,-.652193344872826,.19602257,.00087744172,-1.0363905,-.26799616,15165,23
B1_baseline,coefficient,exercise:35.provcd,-.5211457207907583,.19566016,.0077326694,-.90463263,-.13765883,15165,23
B1_baseline,coefficient,exercise:36.provcd,-1.054954797015203,.1980363,9.9805263e-08,-1.4430988,-.66681081,15165,23
B1_baseline,coefficient,exercise:37.provcd,-.5225453413439054,.033638399,0,-.58847541,-.4566153,15165,23
B1_baseline,coefficient,exercise:41.provcd,.2970244874949538,.041313898,6.5049675e-13,.21605073,.37799823,15165,23
B1_baseline,coefficient,exercise:42.provcd,-.4730136040898178,.13394305,.00041328312,-.73553717,-.21049005,15165,23
B1_baseline,coefficient,exercise:43.provcd,-.812138014646717,.20075411,.000052225681,-1.2056088,-.4186672,15165,23
B1_baseline,coefficient,exercise:44.provcd,-.4063177949385967,.19546343,.037641194,-.78941911,-.023216501,15165,23
B1_baseline,coefficient,exercise:45.provcd,-.9736508821352575,.20060515,1.2125945e-06,-1.3668298,-.58047199,15165,23
B1_baseline,coefficient,exercise:50.provcd,-.1447758153775903,.11124578,.19311985,-.36281353,.073261902,15165,23
B1_baseline,coefficient,exercise:51.provcd,-.1990857820802696,.13987845,.15465589,-.47324252,.075070962,15165,23
B1_baseline,coefficient,exercise:52.provcd,-.8028446812875241,.19437099,.000036201312,-1.1838049,-.42188454,15165,23
B1_baseline,coefficient,exercise:53.provcd,-1.151873965612946,.16273591,1.4606077e-12,-1.4708304,-.83291745,15165,23
B1_baseline,coefficient,exercise:61.provcd,-.1934861798751836,.036541101,1.1899752e-07,-.26510543,-.12186694,15165,23
B1_baseline,coefficient,exercise:62.provcd,-.3154542535103107,.039148897,7.7675431e-16,-.39218467,-.23872383,15165,23
B1_baseline,coefficient,exercise:2010b.year,0,0,,0,0,15165,23
B1_baseline,coefficient,exercise:2014.year,1.056732570332346,.1875798,1.7657863e-08,.68908292,1.4243822,15165,23
B1_baseline,coefficient,exercise:_cons,-2.853272973066877,.24520995,2.7027262e-31,-3.3338757,-2.3726704,15165,23
B1_baseline,coefficient,/var(_cons[cid_wave]),.6258546153737363,.057817683,2.6315945e-27,.51253402,.7391752,15165,23
B1_baseline,AME_fixed,edu,.045272796831891,.0050868634,5.5875182e-19,.035302728,.055242866,15165,23
B1_baseline,AME_fixed,0b.plants,0,,,,,15165,23
B1_baseline,AME_fixed,1.plants,-.0152217900940297,.029767085,.60909683,-.073564202,.043120626,15165,23
B2_logit_FE,coefficient,exercise:edu,.3446852852120405,.035246894,1.3834362e-22,.27560264,.41376793,15165,23
B2_logit_FE,coefficient,exercise:0b.plants,0,0,,0,0,15165,23
B2_logit_FE,coefficient,exercise:1.plants,-.0689752792182281,.22822449,.76248008,-.51628703,.37833649,15165,23
B2_logit_FE,coefficient,exercise:age_c,.0055971888449897,.0057618311,.3313365,-.0056957924,.01689017,15165,23
B2_logit_FE,coefficient,exercise:age_c2,.0007509932390872,.00011118966,1.4366052e-11,.00053306553,.00096892094,15165,23
B2_logit_FE,coefficient,exercise:0b.gender,0,0,,0,0,15165,23
B2_logit_FE,coefficient,exercise:1.gender,.2645438607788537,.085410625,.0019528025,.097142115,.43194559,15165,23
B2_logit_FE,coefficient,exercise:0b.marriage,0,0,,0,0,15165,23
B2_logit_FE,coefficient,exercise:1.marriage,-.3712963028965518,.031993084,3.8634437e-31,-.43400159,-.30859101,15165,23
B2_logit_FE,coefficient,exercise:ln_income,.0023757929619826,.006163266,.69988453,-.0097039863,.014455573,15165,23
B2_logit_FE,coefficient,exercise:1b.health3,0,0,,0,0,15165,23
B2_logit_FE,coefficient,exercise:2.health3,-.0889082770991829,.10378566,.39163682,-.29232445,.11450789,15165,23
B2_logit_FE,coefficient,exercise:3.health3,-.005527793413363,.057591636,.92353439,-.11840533,.10734974,15165,23
B2_logit_FE,coefficient,exercise:0b.sportsArea,0,0,,0,0,15165,23
B2_logit_FE,coefficient,exercise:1.sportsArea,.2918271218652667,.072011575,.000050672566,.15068702,.43296722,15165,23
B2_logit_FE,coefficient,exercise:13b.provcd,0,0,,0,0,15165,23
B2_logit_FE,coefficient,exercise:14.provcd,-.007689025394695,.037467793,.83740264,-.081124544,.065746494,15165,23
B2_logit_FE,coefficient,exercise:21.provcd,-.044963406252466,.2035047,.82513499,-.44382527,.35389847,15165,23
B2_logit_FE,coefficient,exercise:22.provcd,-.2647782797838442,.21081796,.20913158,-.67797387,.14841732,15165,23
B2_logit_FE,coefficient,exercise:23.provcd,.2335385927241211,.1384379,.091611877,-.037794698,.5048719,15165,23
B2_logit_FE,coefficient,exercise:31.provcd,.3112562127547043,.24723257,.20804435,-.17331073,.79582316,15165,23
B2_logit_FE,coefficient,exercise:32.provcd,.4815456634830696,.19588263,.013958188,.097622745,.86546856,15165,23
B2_logit_FE,coefficient,exercise:33.provcd,-.5880815294245467,.22309206,.0083877724,-1.025334,-.15082911,15165,23
B2_logit_FE,coefficient,exercise:34.provcd,-.7662232481121073,.21240605,.00030933891,-1.1825315,-.34991503,15165,23
B2_logit_FE,coefficient,exercise:35.provcd,-.5356198344438743,.20894165,.010362568,-.94513792,-.12610172,15165,23
B2_logit_FE,coefficient,exercise:36.provcd,-.9898503947155589,.21312194,3.4085772e-06,-1.4075617,-.57213908,15165,23
B2_logit_FE,coefficient,exercise:37.provcd,-.4298864530804359,.019954342,0,-.46899626,-.39077666,15165,23
B2_logit_FE,coefficient,exercise:41.provcd,.0721316369800231,.027644979,.0090750754,.017948475,.1263148,15165,23
B2_logit_FE,coefficient,exercise:42.provcd,-.5139614835137084,.14842905,.00053483481,-.80487704,-.2230459,15165,23
B2_logit_FE,coefficient,exercise:43.provcd,-.7615813457218057,.21354865,.00036203879,-1.1801291,-.34303367,15165,23
B2_logit_FE,coefficient,exercise:44.provcd,-.3413175713315858,.21065611,.10517652,-.75419593,.071560808,15165,23
B2_logit_FE,coefficient,exercise:45.provcd,-.7632823870497556,.21304624,.00034005105,-1.1808454,-.34571943,15165,23
B2_logit_FE,coefficient,exercise:50.provcd,-.2223623994529457,.15921272,.16252272,-.53441358,.0896888,15165,23
B2_logit_FE,coefficient,exercise:51.provcd,-.1402187897481059,.1692301,.40734842,-.47190368,.19146611,15165,23
B2_logit_FE,coefficient,exercise:52.provcd,-.7802293020008197,.20743175,.00016897958,-1.1867881,-.37367055,15165,23
B2_logit_FE,coefficient,exercise:53.provcd,-.9074800383733984,.17230316,1.3884953e-07,-1.245188,-.56977206,15165,23
B2_logit_FE,coefficient,exercise:61.provcd,-.3048575439283808,.039212,7.5687230e-15,-.38171166,-.22800344,15165,23
B2_logit_FE,coefficient,exercise:62.provcd,-.4146207572011508,.032918669,2.2408695e-36,-.47914016,-.35010135,15165,23
B2_logit_FE,coefficient,exercise:2010b.year,0,0,,0,0,15165,23
B2_logit_FE,coefficient,exercise:2014.year,.8591764280363315,.21119441,.000047382186,.445243,1.2731099,15165,23
B2_logit_FE,coefficient,exercise:_cons,-2.496565855414278,.24572712,2.9934810e-24,-2.9781821,-2.0149496,15165,23
B2_logit_FE,AME,edu,.0476796290544403,.0048476574,7.9093037e-23,.038178395,.057180863,15165,23
B2_logit_FE,AME,0b.plants,0,,,,,15165,23
B2_logit_FE,AME,1.plants,-.0095854639137612,.031842966,.76339698,-.071996532,.052825604,15165,23
H0_context,coefficient,exercise:edu,.3700388070616915,.038558558,8.2464389e-22,.29446542,.44561219,15165,23
H0_context,coefficient,exercise:rice10,-.0321921107616543,.03343511,.33563608,-.097723722,.033339497,15165,23
H0_context,coefficient,exercise:0b.plants,0,0,,0,0,15165,23
H0_context,coefficient,exercise:1.plants,.0993044927272371,.21635491,.64624214,-.32474333,.52335232,15165,23
H0_context,coefficient,exercise:age_c,.0068097844791705,.0054955757,.21529388,-.0039613466,.017580915,15165,23
H0_context,coefficient,exercise:age_c2,.0007941933600657,.00010579494,6.0538217e-14,.0005868391,.0010015477,15165,23
H0_context,coefficient,exercise:0b.gender,0,0,,0,0,15165,23
H0_context,coefficient,exercise:1.gender,.2282693567293691,.087963164,.0094575463,.055864718,.40067399,15165,23
H0_context,coefficient,exercise:0b.marriage,0,0,,0,0,15165,23
H0_context,coefficient,exercise:1.marriage,-.3271120214957368,.033140384,5.5887797e-23,-.39206597,-.26215807,15165,23
H0_context,coefficient,exercise:ln_income,.0034225640162559,.0068481835,.6172322,-.0099996291,.016844757,15165,23
H0_context,coefficient,exercise:1b.health3,0,0,,0,0,15165,23
H0_context,coefficient,exercise:2.health3,-.1207263596449293,.10674514,.25806454,-.329943,.08849027,15165,23
H0_context,coefficient,exercise:3.health3,-.0437942739244879,.051716376,.39709747,-.1451565,.057567958,15165,23
H0_context,coefficient,exercise:0b.sportsArea,0,0,,0,0,15165,23
H0_context,coefficient,exercise:1.sportsArea,.2631784156608167,.05452165,1.3857436e-06,.15631795,.3700389,15165,23
H0_context,coefficient,exercise:2010b.year,0,0,,0,0,15165,23
H0_context,coefficient,exercise:2014.year,.891462993484068,.19921952,7.6490996e-06,.50099993,1.281926,15165,23
H0_context,coefficient,exercise:_cons,-2.910962664048127,.27315423,1.6199812e-26,-3.4463351,-2.3755901,15165,23
H0_context,AME,edu,.0517320350464262,.0045500002,5.9206002e-30,.042814199,.060649872,15165,23
H0_context,AME,rice10,-.0045005101366644,.0047018072,.33847275,-.013715883,.0047148629,15165,23
H0_context,AME,0b.plants,0,,,,,15165,23
H0_context,AME,1.plants,.0137911911203261,.030215919,.64808702,-.045430921,.073013306,15165,23
H1_context,coefficient,exercise:edu,.3524079521466248,.035688188,5.3626184e-23,.28246039,.4223555,15165,23
H1_context,coefficient,exercise:rice10,-.0502216625920393,.016249586,.0019972394,-.082070269,-.018373059,15165,23
H1_context,coefficient,exercise:0b.plants,0,0,,0,0,15165,23
H1_context,coefficient,exercise:1.plants,.1179892047613271,.16537715,.47556406,-.20614405,.44212246,15165,23
H1_context,coefficient,exercise:age_c,.0059182745301777,.0057380428,.30234861,-.0053280825,.017164631,15165,23
H1_context,coefficient,exercise:age_c2,.0007900669732094,.00010676603,1.3620087e-13,.00058080937,.00099932461,15165,23
H1_context,coefficient,exercise:0b.gender,0,0,,0,0,15165,23
H1_context,coefficient,exercise:1.gender,.2519022377140585,.086605228,.0036302069,.082159102,.42164537,15165,23
H1_context,coefficient,exercise:0b.marriage,0,0,,0,0,15165,23
H1_context,coefficient,exercise:1.marriage,-.343435219722353,.031487897,1.0684207e-27,-.40515035,-.28172007,15165,23
H1_context,coefficient,exercise:ln_income,.0017373332664158,.0066431412,.79368931,-.011282984,.014757651,15165,23
H1_context,coefficient,exercise:1b.health3,0,0,,0,0,15165,23
H1_context,coefficient,exercise:2.health3,-.1047886820755717,.1061151,.32339749,-.31277046,.10319309,15165,23
H1_context,coefficient,exercise:3.health3,-.020753639442822,.053299516,.69699681,-.12521876,.08371149,15165,23
H1_context,coefficient,exercise:0b.sportsArea,0,0,,0,0,15165,23
H1_context,coefficient,exercise:1.sportsArea,.2300330419953726,.056926321,.000053248597,.1184595,.34160659,15165,23
H1_context,coefficient,exercise:ln_gdp_hist,.3994899256360429,.15869795,.011825901,.088447653,.71053219,15165,23
H1_context,coefficient,exercise:2010b.year,0,0,,0,0,15165,23
H1_context,coefficient,exercise:2014.year,.8706624134240255,.19603884,8.9427376e-06,.48643336,1.2548915,15165,23
H1_context,coefficient,exercise:_cons,-2.392388867731046,.21146739,1.1279801e-29,-2.8068573,-1.9779204,15165,23
H1_context,AME,edu,.0491286785784139,.0048923031,9.9597736e-24,.039539941,.058717415,15165,23
H1_context,AME,rice10,-.0070013287274837,.0023175217,.0025190704,-.011543588,-.0024590697,15165,23
H1_context,AME,0b.plants,0,,,,,15165,23
H1_context,AME,1.plants,.0163170200245324,.023205973,.48196924,-.029165849,.061799891,15165,23
H2_context,coefficient,exercise:edu,.3499019374700852,.034941845,1.3251058e-23,.28141719,.4183867,15165,23
H2_context,coefficient,exercise:rice10,-.0524174146350961,.018975776,.005738989,-.08960925,-.015225577,15165,23
H2_context,coefficient,exercise:0b.plants,0,0,,0,0,15165,23
H2_context,coefficient,exercise:1.plants,.0473851860776064,.17581344,.78752977,-.2972028,.39197317,15165,23
H2_context,coefficient,exercise:age_c,.0058245958137255,.0057191411,.30846941,-.0053847148,.017033907,15165,23
H2_context,coefficient,exercise:age_c2,.0007858377643046,.00011120169,1.5857129e-12,.00056788645,.001003789,15165,23
H2_context,coefficient,exercise:0b.gender,0,0,,0,0,15165,23
H2_context,coefficient,exercise:1.gender,.2559406268884787,.085737512,.0028342518,.087898202,.42398307,15165,23
H2_context,coefficient,exercise:0b.marriage,0,0,,0,0,15165,23
H2_context,coefficient,exercise:1.marriage,-.3515378037707837,.033699203,1.7780191e-25,-.41758704,-.28548858,15165,23
H2_context,coefficient,exercise:ln_income,.0012082541434512,.0065666847,.85401535,-.011662211,.01407872,15165,23
H2_context,coefficient,exercise:1b.health3,0,0,,0,0,15165,23
H2_context,coefficient,exercise:2.health3,-.1024459372390473,.10597593,.33369872,-.31015494,.10526308,15165,23
H2_context,coefficient,exercise:3.health3,-.0193479104646818,.053219002,.71619207,-.12365524,.08495941,15165,23
H2_context,coefficient,exercise:0b.sportsArea,0,0,,0,0,15165,23
H2_context,coefficient,exercise:1.sportsArea,.2331825628134739,.05541024,.000025730638,.12458049,.34178463,15165,23
H2_context,coefficient,exercise:ln_gdp_hist,.6120149855452266,.24646299,.013021078,.12895641,1.0950736,15165,23
H2_context,coefficient,exercise:urban2000_10,-.1047174733368527,.098650753,.2884641,-.29806939,.088634446,15165,23
H2_context,coefficient,exercise:2010b.year,0,0,,0,0,15165,23
H2_context,coefficient,exercise:2014.year,.8650069135315215,.19965538,.000014742589,.47368953,1.2563243,15165,23
H2_context,coefficient,exercise:_cons,-1.788580502448414,.68895441,.0094294241,-3.1389065,-.43825462,15165,23
H2_context,AME,edu,.0487575116355161,.0046984483,3.1433245e-25,.039548721,.057966299,15165,23
H2_context,AME,rice10,-.0073041684834708,.0027132379,.0071014571,-.012622017,-.0019863199,15165,23
H2_context,AME,0b.plants,0,,,,,15165,23
H2_context,AME,1.plants,.0065820646600912,.024414368,.78746957,-.04126922,.05443335,15165,23
G1_region,coefficient,exercise:edu,.4290569721648561,.057984583,1.3669719e-13,.31540927,.54270464,15165,23
G1_region,coefficient,exercise:0b.part#co.edu,0,0,,0,0,15165,23
G1_region,coefficient,exercise:1.part#c.edu,-.0987299773270468,.10081109,.32740396,-.29631609,.098856136,15165,23
G1_region,coefficient,exercise:0b.plants,0,0,,0,0,15165,23
G1_region,coefficient,exercise:1.plants,-.111492132121423,.2325677,.63165659,-.56731647,.34433219,15165,23
G1_region,coefficient,exercise:age_c,.0046303207672017,.0056871548,.41554657,-.0065162983,.01577694,15165,23
G1_region,coefficient,exercise:age_c2,.0008525916694028,.00013084567,7.2202203e-11,.00059613888,.0011090444,15165,23
G1_region,coefficient,exercise:0b.gender,0,0,,0,0,15165,23
G1_region,coefficient,exercise:1.gender,.2970922261005854,.082161002,.00029921805,.13605961,.45812485,15165,23
G1_region,coefficient,exercise:0b.marriage,0,0,,0,0,15165,23
G1_region,coefficient,exercise:1.marriage,-.3957702624233225,.038760126,1.7747367e-24,-.47173873,-.31980181,15165,23
G1_region,coefficient,exercise:ln_income,.0006674664010436,.0055299974,.90392929,-.010171129,.011506062,15165,23
G1_region,coefficient,exercise:1b.health3,0,0,,0,0,15165,23
G1_region,coefficient,exercise:2.health3,-.08686312595053,.095529065,.3631998,-.27409664,.1003704,15165,23
G1_region,coefficient,exercise:3.health3,.0053189144278766,.063318051,.93305397,-.11878219,.12942001,15165,23
G1_region,coefficient,exercise:0b.sportsArea,0,0,,0,0,15165,23
G1_region,coefficient,exercise:1.sportsArea,.3999862284608663,.089929171,8.6757500e-06,.2237283,.57624418,15165,23
G1_region,coefficient,exercise:13b.provcd,0,0,,0,0,15165,23
G1_region,coefficient,exercise:14.provcd,.0989359522755412,.044549346,.026363343,.011620841,.18625106,15165,23
G1_region,coefficient,exercise:21.provcd,-.0052702724467687,.18872574,.97772151,-.37516594,.36462539,15165,23
G1_region,coefficient,exercise:22.provcd,-.3753545124408572,.19859904,.0587564,-.76460147,.013892464,15165,23
G1_region,coefficient,exercise:23.provcd,.3372475162616035,.11684157,.0038971896,.10824224,.56625277,15165,23
G1_region,coefficient,exercise:31.provcd,.112261890359642,.35626781,.75268167,-.58601016,.81053394,15165,23
G1_region,coefficient,exercise:32.provcd,.1798471617575602,.29256991,.53874284,-.3935793,.75327361,15165,23
G1_region,coefficient,exercise:33.provcd,-.831002904876608,.33221838,.012371196,-1.482139,-.17986682,15165,23
G1_region,coefficient,exercise:34.provcd,-.8828055158003535,.30426857,.0037149647,-1.4791609,-.28645012,15165,23
G1_region,coefficient,exercise:35.provcd,-.7220822496796558,.28663793,.01176405,-1.2838823,-.16028222,15165,23
G1_region,coefficient,exercise:36.provcd,-1.292149264759904,.29358011,.000010757879,-1.8675557,-.71674281,15165,23
G1_region,coefficient,exercise:37.provcd,-.5248935577469995,.0344675,0,-.59244859,-.45733851,15165,23
G1_region,coefficient,exercise:41.provcd,.2918495129468626,.041915018,3.3337029e-12,.20969759,.37400144,15165,23
G1_region,coefficient,exercise:42.provcd,-.7276430570785438,.28257853,.010023662,-1.2814867,-.17379935,15165,23
G1_region,coefficient,exercise:43.provcd,-1.043254766233884,.31396005,.00089089916,-1.6586051,-.42790443,15165,23
G1_region,coefficient,exercise:44.provcd,-.6373006055063837,.29858953,.032812491,-1.2225254,-.05207587,15165,23
G1_region,coefficient,exercise:45.provcd,-1.211254374736991,.29399249,.000037884267,-1.787469,-.63503969,15165,23
G1_region,coefficient,exercise:50.provcd,-.3379207446217136,.24445185,.16686085,-.81703758,.14119609,15165,23
G1_region,coefficient,exercise:51.provcd,-.4105118857495626,.26183215,.1169176,-.92369342,.10266967,15165,23
G1_region,coefficient,exercise:52.provcd,-1.008825703077587,.28272682,.00035944296,-1.5629601,-.45469129,15165,23
G1_region,coefficient,exercise:53.provcd,-1.37835230572035,.26171082,1.3889824e-07,-1.8912961,-.86540848,15165,23
G1_region,coefficient,exercise:61.provcd,-.194842302168411,.036637943,1.0488696e-07,-.26665136,-.12303326,15165,23
G1_region,coefficient,exercise:62.provcd,-.3255587057742347,.042388663,1.5868535e-14,-.40863895,-.24247846,15165,23
G1_region,coefficient,exercise:2010b.year,0,0,,0,0,15165,23
G1_region,coefficient,exercise:2014.year,1.059942465284146,.18740563,1.5505591e-08,.69263417,1.4272507,15165,23
G1_region,coefficient,exercise:_cons,-2.789579156999986,.26393771,4.1453263e-26,-3.3068876,-2.2722707,15165,23
G1_region,coefficient,/var(_cons[cid_wave]),.6259494313975229,.059135012,3.4944440e-26,.51004696,.74185193,15165,23
G1_region,AME_observed,edu:0bn.part,.0436592538433085,.0060258727,4.3148368e-13,.031848762,.055469748,15165,23
G1_region,AME_observed,edu:1.part,.0462525892230713,.0093384152,7.3101330e-07,.027949631,.064555548,15165,23
G1_region,AME_difference,North_minus_South,.0025933353797628,.012004975,.82897079,-.020935982,.026122654,15165,23
G1_split0,coefficient,exercise:edu,.3382753917494853,.057644587,4.4030193e-09,.22529407,.45125672,5356,14
G1_split0,coefficient,exercise:0b.plants,0,0,,0,0,5356,14
G1_split0,coefficient,exercise:1.plants,-.4643160174396901,.34191582,.17446892,-1.1344587,.20582664,5356,14
G1_split0,coefficient,exercise:age_c,-.0057521297107426,.0026756539,.031570774,-.010996315,-.00050794444,5356,14
G1_split0,coefficient,exercise:age_c2,.0013554296533532,.00019560974,4.2306514e-12,.00097204157,.0017388177,5356,14
G1_split0,coefficient,exercise:0b.gender,0,0,,0,0,5356,14
G1_split0,coefficient,exercise:1.gender,.6497039262706639,.11249458,7.6759452e-09,.42921859,.87018925,5356,14
G1_split0,coefficient,exercise:0b.marriage,0,0,,0,0,5356,14
G1_split0,coefficient,exercise:1.marriage,-.3685409467735249,.12602636,.0034521369,-.61554807,-.12153382,5356,14
G1_split0,coefficient,exercise:ln_income,.0017161737145493,.0094569083,.85599631,-.016819026,.020251373,5356,14
G1_split0,coefficient,exercise:1b.health3,0,0,,0,0,5356,14
G1_split0,coefficient,exercise:2.health3,-.4377614444073394,.14074391,.0018687199,-.71361446,-.16190845,5356,14
G1_split0,coefficient,exercise:3.health3,-.1307663311434091,.18492024,.47947332,-.49320334,.23167068,5356,14
G1_split0,coefficient,exercise:0b.sportsArea,0,0,,0,0,5356,14
G1_split0,coefficient,exercise:1.sportsArea,.4998620135355227,.20063211,.012722799,.1066303,.89309371,5356,14
G1_split0,coefficient,exercise:31b.provcd,0,0,,0,0,5356,14
G1_split0,coefficient,exercise:32.provcd,.1523937836539955,.12211968,.21206577,-.086956389,.39174396,5356,14
G1_split0,coefficient,exercise:33.provcd,-1.108396087573194,.058921158,0,-1.2238795,-.99291277,5356,14
G1_split0,coefficient,exercise:34.provcd,-1.191068073749422,.14589681,3.2472591e-16,-1.4770206,-.9051156,5356,14
G1_split0,coefficient,exercise:35.provcd,-1.062533106402743,.23920301,8.9138121e-06,-1.5313624,-.59370381,5356,14
G1_split0,coefficient,exercise:36.provcd,-1.671010870604163,.13880947,2.2389022e-33,-1.9430724,-1.3989493,5356,14
G1_split0,coefficient,exercise:42.provcd,-.8893386650337457,.2016257,.000010297046,-1.2845178,-.49415955,5356,14
G1_split0,coefficient,exercise:43.provcd,-1.268740649808132,.18566662,8.2905419e-12,-1.6326405,-.90484077,5356,14
G1_split0,coefficient,exercise:44.provcd,-.9822256071848529,.1345108,2.8308763e-13,-1.2458619,-.71858925,5356,14
G1_split0,coefficient,exercise:45.provcd,-1.602931882442429,.1217819,0,-1.84162,-1.3642437,5356,14
G1_split0,coefficient,exercise:50.provcd,-.5890794126869058,.27112114,.029798867,-1.1204671,-.05769176,5356,14
G1_split0,coefficient,exercise:51.provcd,-.6481816953411393,.20460297,.0015349289,-1.0491961,-.24716723,5356,14
G1_split0,coefficient,exercise:52.provcd,-1.410058174240938,.18176177,8.6465259e-15,-1.7663047,-1.0538117,5356,14
G1_split0,coefficient,exercise:53.provcd,-1.754475769148906,.15251131,1.2607795e-30,-2.0533924,-1.4555591,5356,14
G1_split0,coefficient,exercise:2010b.year,0,0,,0,0,5356,14
G1_split0,coefficient,exercise:2014.year,1.556680815958805,.25702962,1.3917923e-09,1.052912,2.0604496,5356,14
G1_split0,coefficient,exercise:_cons,-2.887193291768771,.30031475,6.9857998e-22,-3.4757993,-2.2985871,5356,14
G1_split0,coefficient,/var(_cons[cid_wave]),.7710206242528007,.12473365,6.3561223e-10,.52654719,1.0154941,5356,14
G1_split0,AME_fixed,edu,.0327854378488826,.0053991959,1.2610554e-09,.022203209,.043367669,5356,14
G1_split0,AME_fixed,0b.plants,0,,,,,5356,14
G1_split0,AME_fixed,1.plants,-.0401201626480387,.02623222,.12615959,-.091534369,.011294044,5356,14
G1_split1,coefficient,exercise:edu,.3663902070467764,.055200286,3.1911411e-11,.25819963,.47458076,9809,9
G1_split1,coefficient,exercise:0b.plants,0,0,,0,0,9809,9
G1_split1,coefficient,exercise:1.plants,.0991065283365103,.25802803,.70091021,-.40661913,.60483217,9809,9
G1_split1,coefficient,exercise:age_c,.0082447970422548,.0074879951,.27086675,-.006431404,.022920998,9809,9
G1_split1,coefficient,exercise:age_c2,.000652022193699,.000067939072,8.2177284e-22,.00051886408,.00078518031,9809,9
G1_split1,coefficient,exercise:0b.gender,0,0,,0,0,9809,9
G1_split1,coefficient,exercise:1.gender,.1685673506546778,.064830489,.0093189934,.041501924,.29563278,9809,9
G1_split1,coefficient,exercise:0b.marriage,0,0,,0,0,9809,9
G1_split1,coefficient,exercise:1.marriage,-.3879631268093244,.026177885,0,-.43927082,-.33665541,9809,9
G1_split1,coefficient,exercise:ln_income,.0012129840509717,.0069392337,.8612361,-.012387664,.014813632,9809,9
G1_split1,coefficient,exercise:1b.health3,0,0,,0,0,9809,9
G1_split1,coefficient,exercise:2.health3,.0741135458927907,.077661388,.33992344,-.078099981,.22632708,9809,9
G1_split1,coefficient,exercise:3.health3,.063984477581315,.057124082,.26267269,-.047976665,.17594562,9809,9
G1_split1,coefficient,exercise:0b.sportsArea,0,0,,0,0,9809,9
G1_split1,coefficient,exercise:1.sportsArea,.2740436958488908,.060871664,6.7319738e-06,.15473743,.39334998,9809,9
G1_split1,coefficient,exercise:13b.provcd,0,0,,0,0,9809,9
G1_split1,coefficient,exercise:14.provcd,.1552700677943173,.04960227,.0017462694,.058051404,.25248873,9809,9
G1_split1,coefficient,exercise:21.provcd,.1738419708603834,.21314423,.41472483,-.24391305,.59159702,9809,9
G1_split1,coefficient,exercise:22.provcd,-.1306655297212526,.20364454,.52111,-.52980149,.26847044,9809,9
G1_split1,coefficient,exercise:23.provcd,.3451545438804343,.14859904,.020193987,.053905781,.63640332,9809,9
G1_split1,coefficient,exercise:37.provcd,-.5423641448871753,.034698337,0,-.61037165,-.47435665,9809,9
G1_split1,coefficient,exercise:41.provcd,.2178468530869639,.037171103,4.6105644e-09,.14499283,.29070088,9809,9
G1_split1,coefficient,exercise:61.provcd,-.1504376521454741,.038628373,.000098407276,-.22614788,-.074727431,9809,9
G1_split1,coefficient,exercise:62.provcd,-.3651842636862379,.041376978,1.0869595e-18,-.44628164,-.28408688,9809,9
G1_split1,coefficient,exercise:2010b.year,0,0,,0,0,9809,9
G1_split1,coefficient,exercise:2014.year,.7969793517233071,.1878081,.000021997837,.42888224,1.1650765,9809,9
G1_split1,coefficient,exercise:_cons,-2.755896344797409,.2847122,3.6820081e-22,-3.3139219,-2.1978707,9809,9
G1_split1,coefficient,/var(_cons[cid_wave]),.5091239114728153,.045652229,6.9837981e-29,.41964719,.59860063,9809,9
G1_split1,AME_fixed,edu,.0524557236296011,.0071989628,3.1795343e-13,.038346015,.066565432,9809,9
G1_split1,AME_fixed,0b.plants,0,,,,,9809,9
G1_split1,AME_fixed,1.plants,.0138773249329683,.035359614,.69471645,-.05542624,.083180889,9809,9
G2_income,coefficient,exercise:edu,.308649782892113,.067132279,4.2731140e-06,.17707294,.44022661,15165,23
G2_income,coefficient,exercise:0b.inc_high,0,0,,0,0,15165,23
G2_income,coefficient,exercise:1.inc_high,-.3181727995955383,.17887338,.075279124,-.66875815,.032412577,15165,23
G2_income,coefficient,exercise:0b.inc_high#co.edu,0,0,,0,0,15165,23
G2_income,coefficient,exercise:1.inc_high#c.edu,.0993706305156309,.061477359,.10601269,-.021122782,.21986404,15165,23
G2_income,coefficient,exercise:0b.plants,0,0,,0,0,15165,23
G2_income,coefficient,exercise:1.plants,-.1185626755585779,.23017515,.60648483,-.56969768,.33257234,15165,23
G2_income,coefficient,exercise:age_c,.0040502693338845,.0059299204,.49459261,-.007572161,.0156727,15165,23
G2_income,coefficient,exercise:age_c2,.0008373644862443,.000122021,6.7683649e-12,.0005982077,.0010765212,15165,23
G2_income,coefficient,exercise:0b.gender,0,0,,0,0,15165,23
G2_income,coefficient,exercise:1.gender,.3074774094454507,.08743041,.00043674221,.13611697,.47883785,15165,23
G2_income,coefficient,exercise:0b.marriage,0,0,,0,0,15165,23
G2_income,coefficient,exercise:1.marriage,-.3871202283357586,.039211839,5.4763330e-23,-.46397403,-.31026644,15165,23
G2_income,coefficient,exercise:ln_income,.0067772303169007,.015712047,.66622138,-.024017816,.037572276,15165,23
G2_income,coefficient,exercise:1b.health3,0,0,,0,0,15165,23
G2_income,coefficient,exercise:2.health3,-.0850525609948556,.093276888,.36185879,-.26787189,.097766779,15165,23
G2_income,coefficient,exercise:3.health3,-.0074233814298486,.064409964,.90824533,-.13366459,.11881784,15165,23
G2_income,coefficient,exercise:0b.sportsArea,0,0,,0,0,15165,23
G2_income,coefficient,exercise:1.sportsArea,.4031036139717211,.09082485,9.0692174e-06,.22509018,.58111703,15165,23
G2_income,coefficient,exercise:13b.provcd,0,0,,0,0,15165,23
G2_income,coefficient,exercise:14.provcd,.1000442827469979,.043332025,.020955579,.015115072,.18497349,15165,23
G2_income,coefficient,exercise:21.provcd,.0076404129309335,.18645959,.96731484,-.35781366,.3730945,15165,23
G2_income,coefficient,exercise:22.provcd,-.3775657375838135,.19544576,.053381909,-.7606324,.0055009131,15165,23
G2_income,coefficient,exercise:23.provcd,.3578466924830365,.11733165,.0022893772,.12788089,.58781248,15165,23
G2_income,coefficient,exercise:31.provcd,.3569332206755889,.21799779,.1015626,-.070334606,.78420103,15165,23
G2_income,coefficient,exercise:32.provcd,.4131162799883624,.15959072,.0096367449,.10032421,.72590834,15165,23
G2_income,coefficient,exercise:33.provcd,-.5711546997199388,.20639011,.0056513185,-.97567189,-.16663751,15165,23
G2_income,coefficient,exercise:34.provcd,-.6483957516409202,.19447887,.00085601583,-1.0295674,-.26722416,15165,23
G2_income,coefficient,exercise:35.provcd,-.5190836676743927,.19607954,.0081134522,-.90339249,-.13477483,15165,23
G2_income,coefficient,exercise:36.provcd,-1.058418925412083,.19565462,6.3155305e-08,-1.4418949,-.67494291,15165,23
G2_income,coefficient,exercise:37.provcd,-.520219095512825,.033583365,0,-.58604127,-.4543969,15165,23
G2_income,coefficient,exercise:41.provcd,.2976744939865607,.041239131,5.2659602e-13,.21684729,.37850171,15165,23
G2_income,coefficient,exercise:42.provcd,-.4703987438439166,.13333386,.00041874914,-.73172832,-.20906918,15165,23
G2_income,coefficient,exercise:43.provcd,-.8007096903317056,.19930939,.000058838599,-1.1913489,-.41007048,15165,23
G2_income,coefficient,exercise:44.provcd,-.4019547241394764,.19320208,.037480738,-.78062385,-.023285609,15165,23
G2_income,coefficient,exercise:45.provcd,-.9683377720368809,.19774717,9.7386283e-07,-1.3559151,-.58076042,15165,23
G2_income,coefficient,exercise:50.provcd,-.1436789577736306,.11000753,.19152437,-.35928977,.071931846,15165,23
G2_income,coefficient,exercise:51.provcd,-.1950710983149756,.13881427,.15994194,-.46714208,.07699988,15165,23
G2_income,coefficient,exercise:52.provcd,-.798379358713931,.19210279,.000032386662,-1.1748939,-.42186481,15165,23
G2_income,coefficient,exercise:53.provcd,-1.145595577088654,.16134579,1.2453085e-12,-1.4618275,-.82936364,15165,23
G2_income,coefficient,exercise:61.provcd,-.1839536425829192,.034546282,1.0103854e-07,-.25166312,-.11624417,15165,23
G2_income,coefficient,exercise:62.provcd,-.3194607446181674,.039363749,4.8336105e-16,-.39661229,-.24230921,15165,23
G2_income,coefficient,exercise:2010b.year,0,0,,0,0,15165,23
G2_income,coefficient,exercise:2014.year,1.038675370247464,.17857252,6.0075771e-09,.6886797,1.388671,15165,23
G2_income,coefficient,exercise:_cons,-2.735741665604593,.25818354,3.1062588e-26,-3.2417722,-2.2297113,15165,23
G2_income,coefficient,/var(_cons[cid_wave]),.6214597073915967,.056866243,8.4278858e-28,.51000392,.73291552,15165,23
G2_income,AME_observed,edu:0bn.inc_high,.0439803456306595,.0088745989,7.2049636e-07,.026586451,.06137424,15165,23
G2_income,AME_observed,edu:1.inc_high,.0451422799491883,.0031368462,0,.038994174,.051290385,15165,23
G2_income,AME_difference,High_minus_Low,.0011619343185289,.0075509027,.8777042,-.013637562,.015961431,15165,23
G2_split0,coefficient,exercise:edu,.2686877985864374,.067163333,.000063205232,.13705009,.40032551,7571,22
G2_split0,coefficient,exercise:0b.plants,0,0,,0,0,7571,22
G2_split0,coefficient,exercise:1.plants,.0592508821850437,.24540806,.80921549,-.42174008,.54024184,7571,22
G2_split0,coefficient,exercise:age_c,-.0011177402056151,.0063146823,.85950321,-.01349429,.01125881,7571,22
G2_split0,coefficient,exercise:age_c2,.0006348677299623,.00018012461,.00042411816,.00028182997,.00098790554,7571,22
G2_split0,coefficient,exercise:0b.gender,0,0,,0,0,7571,22
G2_split0,coefficient,exercise:1.gender,.2560344870950656,.089430079,.0041970718,.080754757,.43131423,7571,22
G2_split0,coefficient,exercise:0b.marriage,0,0,,0,0,7571,22
G2_split0,coefficient,exercise:1.marriage,-.4095634328946614,.10171051,.000056551657,-.60891241,-.21021448,7571,22
G2_split0,coefficient,exercise:ln_income,.0577518264700518,.01818794,.0014969129,.02210412,.093399532,7571,22
G2_split0,coefficient,exercise:1b.health3,0,0,,0,0,7571,22
G2_split0,coefficient,exercise:2.health3,-.1010251094351127,.12398718,.41518515,-.34403551,.1419853,7571,22
G2_split0,coefficient,exercise:3.health3,-.0551560519709597,.092531875,.55112427,-.23651519,.12620309,7571,22
G2_split0,coefficient,exercise:0b.sportsArea,0,0,,0,0,7571,22
G2_split0,coefficient,exercise:1.sportsArea,.3654627789840435,.1102462,.00091653119,.1493842,.58154136,7571,22
G2_split0,coefficient,exercise:13b.provcd,0,0,,0,0,7571,22
G2_split0,coefficient,exercise:14.provcd,.4254578279708855,.052811243,7.8703993e-16,.32194969,.52896595,7571,22
G2_split0,coefficient,exercise:21.provcd,.111539708169357,.19669229,.57066172,-.2739701,.49704951,7571,22
G2_split0,coefficient,exercise:22.provcd,-.0061596258373759,.20542674,.9760794,-.40878865,.39646938,7571,22
G2_split0,coefficient,exercise:23.provcd,.0943293154615735,.12199207,.43937954,-.14477074,.33342937,7571,22
G2_split0,coefficient,exercise:31o.provcd,0,0,,0,0,7571,22
G2_split0,coefficient,exercise:32.provcd,1.595326512016341,.18890598,3.0383284e-17,1.2250776,1.9655755,7571,22
G2_split0,coefficient,exercise:33.provcd,-.1425587321585937,.22224346,.52122843,-.57814789,.29303044,7571,22
G2_split0,coefficient,exercise:34.provcd,-.6337879340729,.19798467,.0013685793,-1.0218308,-.24574511,7571,22
G2_split0,coefficient,exercise:35.provcd,-.7489947970800717,.20546305,.00026697735,-1.151695,-.34629461,7571,22
G2_split0,coefficient,exercise:36.provcd,-1.18105156052861,.20100327,4.2085007e-09,-1.5750108,-.78709239,7571,22
G2_split0,coefficient,exercise:37.provcd,-.2691738830636244,.044312932,1.2446251e-09,-.35602564,-.18232213,7571,22
G2_split0,coefficient,exercise:41.provcd,.3066864426975653,.056488365,5.6608275e-08,.19597128,.41740161,7571,22
G2_split0,coefficient,exercise:42.provcd,-.3075472909349197,.11835807,.0093646217,-.53952485,-.075569741,7571,22
G2_split0,coefficient,exercise:43.provcd,-.4246287659396193,.20075831,.034419354,-.81810778,-.031149723,7571,22
G2_split0,coefficient,exercise:44.provcd,-.1058997072362171,.20077789,.59788316,-.49941713,.28761771,7571,22
G2_split0,coefficient,exercise:45.provcd,-.5694066607511904,.20710215,.0059704469,-.97531939,-.1634939,7571,22
G2_split0,coefficient,exercise:50.provcd,.1367431806111107,.083422035,.10117716,-.026761008,.30024737,7571,22
G2_split0,coefficient,exercise:51.provcd,.0787287401894679,.13841155,.56949067,-.19255291,.3500104,7571,22
G2_split0,coefficient,exercise:52.provcd,-.5449726258830762,.19729324,.0057405047,-.93166023,-.15828499,7571,22
G2_split0,coefficient,exercise:53.provcd,-.880030638640988,.17428619,4.4333339e-07,-1.2216253,-.538436,7571,22
G2_split0,coefficient,exercise:61.provcd,-.1035598343945718,.050371591,.039790466,-.20228633,-.0048333318,7571,22
G2_split0,coefficient,exercise:62.provcd,-.3632311982538625,.055143863,4.4888104e-11,-.47131118,-.25515121,7571,22
G2_split0,coefficient,exercise:2010b.year,0,0,,0,0,7571,22
G2_split0,coefficient,exercise:2014.year,1.177224853563907,.19590974,1.8665192e-09,.79324883,1.5612009,7571,22
G2_split0,coefficient,exercise:_cons,-2.928938931625478,.239173,1.7624760e-34,-3.3977094,-2.4601686,7571,22
G2_split0,coefficient,/var(_cons[cid_wave]),.7485688904729646,.12746212,4.2830584e-09,.49874774,.99839008,7571,22
G2_split0,AME_fixed,edu,.0375925802893246,.00912733,.000038104336,.019703344,.055481818,7571,22
G2_split0,AME_fixed,0b.plants,0,,,,,7571,22
G2_split0,AME_fixed,1.plants,.0082552661484366,.034083266,.80861837,-.058546707,.075057238,7571,22
G2_split1,coefficient,exercise:edu,.4595981671928507,.024288131,0,.41199431,.50720203,7592,23
G2_split1,coefficient,exercise:0b.plants,0,0,,0,0,7592,23
G2_split1,coefficient,exercise:1.plants,-.4499657826124068,.25659919,.079503447,-.95289093,.052959383,7592,23
G2_split1,coefficient,exercise:age_c,.0095519423066215,.0057182224,.094832525,-.0016555678,.020759452,7592,23
G2_split1,coefficient,exercise:age_c2,.0011019205559877,.00018524061,2.7046143e-09,.00073885563,.0014649855,7592,23
G2_split1,coefficient,exercise:0b.gender,0,0,,0,0,7592,23
G2_split1,coefficient,exercise:1.gender,.380209838283077,.10678962,.00037034217,.17090602,.58951366,7592,23
G2_split1,coefficient,exercise:0b.marriage,0,0,,0,0,7592,23
G2_split1,coefficient,exercise:1.marriage,-.4074529702791747,.097141281,.000027355036,-.59784639,-.21705955,7592,23
G2_split1,coefficient,exercise:ln_income,-.0199435054886555,.029246198,.49529088,-.077265002,.037377987,7592,23
G2_split1,coefficient,exercise:1b.health3,0,0,,0,0,7592,23
G2_split1,coefficient,exercise:2.health3,-.0643621949888475,.081621014,.43037546,-.22433645,.095612049,7592,23
G2_split1,coefficient,exercise:3.health3,.2330735612690017,.14694789,.11271738,-.054939013,.52108616,7592,23
G2_split1,coefficient,exercise:0b.sportsArea,0,0,,0,0,7592,23
G2_split1,coefficient,exercise:1.sportsArea,.3942421615751193,.11505372,.00061120646,.16874102,.61974329,7592,23
G2_split1,coefficient,exercise:13b.provcd,0,0,,0,0,7592,23
G2_split1,coefficient,exercise:14.provcd,-.4383518093898464,.057438355,2.3169307e-14,-.55092889,-.3257747,7592,23
G2_split1,coefficient,exercise:21.provcd,-.4230225251056312,.23656061,.073740453,-.88667279,.040627759,7592,23
G2_split1,coefficient,exercise:22.provcd,-.7152877531107358,.2467007,.0037385949,-1.1988122,-.23176326,7592,23
G2_split1,coefficient,exercise:23.provcd,.3335822176408773,.14266774,.019378148,.053958576,.61320585,7592,23
G2_split1,coefficient,exercise:31.provcd,.1410406801336345,.22108285,.52350366,-.29227373,.57435513,7592,23
G2_split1,coefficient,exercise:32.provcd,-.207267100306987,.1764147,.24004048,-.55303359,.13849936,7592,23
G2_split1,coefficient,exercise:33.provcd,-.912170275608435,.22670814,.000057328762,-1.35651,-.46783048,7592,23
G2_split1,coefficient,exercise:34.provcd,-1.022002785226494,.22824724,7.5482290e-06,-1.4693592,-.57464641,7592,23
G2_split1,coefficient,exercise:35.provcd,-.4654779872557962,.23545893,.048053302,-.92696899,-.0039869742,7592,23
G2_split1,coefficient,exercise:36.provcd,-1.054869226755115,.2388345,.000010020191,-1.5229763,-.58676219,7592,23
G2_split1,coefficient,exercise:37.provcd,-.6968710737329414,.030141102,0,-.75594658,-.63779563,7592,23
G2_split1,coefficient,exercise:41.provcd,.2208882268330831,.027281808,5.6544669e-16,.16741687,.27435958,7592,23
G2_split1,coefficient,exercise:42.provcd,-.6368810691976953,.18634979,.00063160912,-1.0021199,-.27164218,7592,23
G2_split1,coefficient,exercise:43.provcd,-1.238582045625494,.23136315,8.6311374e-08,-1.6920455,-.78511864,7592,23
G2_split1,coefficient,exercise:44.provcd,-.8273465515934871,.23509333,.00043280766,-1.288121,-.36657211,7592,23
G2_split1,coefficient,exercise:45.provcd,-1.372418730443909,.24134731,1.2967815e-08,-1.8454508,-.8993867,7592,23
G2_split1,coefficient,exercise:50.provcd,-.734736488211407,.1865301,.000081832164,-1.1003288,-.3691442,7592,23
G2_split1,coefficient,exercise:51.provcd,-.5567475553591319,.18697901,.0029052061,-.92321968,-.19027543,7592,23
G2_split1,coefficient,exercise:52.provcd,-1.296225434639689,.23421107,3.1223731e-08,-1.7552707,-.83718014,7592,23
G2_split1,coefficient,exercise:53.provcd,-1.377579262763701,.19054107,4.8360464e-13,-1.7510329,-1.0041256,7592,23
G2_split1,coefficient,exercise:61.provcd,.1264136854969143,.037576083,.00076764199,.052765917,.20006146,7592,23
G2_split1,coefficient,exercise:62.provcd,-.2611155945782928,.029660078,1.3249054e-18,-.31924829,-.20298292,7592,23
G2_split1,coefficient,exercise:2010b.year,0,0,,0,0,7592,23
G2_split1,coefficient,exercise:2014.year,.9138024263527202,.1984635,4.1368603e-06,.5248211,1.3027837,7592,23
G2_split1,coefficient,exercise:_cons,-2.610709375273399,.45404899,8.9327532e-09,-3.5006289,-1.7207897,7592,23
G2_split1,coefficient,/var(_cons[cid_wave]),.5067723429269337,.044230111,2.1532222e-30,.42008293,.59346175,7592,23
G2_split1,AME_fixed,edu,.0516351084061091,.002922164,0,.045907773,.057362445,7592,23
G2_split1,AME_fixed,0b.plants,0,,,,,7592,23
G2_split1,AME_fixed,1.plants,-.0522805569345176,.030442312,.085912526,-.11194639,.0073852772,7592,23
H3_interaction,coefficient,exercise:edu_c,.3319413753634342,.060205977,3.5190901e-08,.21393983,.44994292,15165,23
H3_interaction,coefficient,exercise:rice10,-.05492861848182,.020346642,.0069414433,-.094807304,-.015049933,15165,23
H3_interaction,coefficient,exercise:c.edu_c#c.rice10,.0086193568156076,.015584648,.58021742,-.021925991,.039164703,15165,23
H3_interaction,coefficient,exercise:0b.plants,0,0,,0,0,15165,23
H3_interaction,coefficient,exercise:1.plants,.0446324931878688,.17439945,.79801178,-.29718414,.38644913,15165,23
H3_interaction,coefficient,exercise:age_c,.005868970677204,.0057487455,.30729553,-.0053983638,.017136306,15165,23
H3_interaction,coefficient,exercise:age_c2,.0007876617680334,.00011178024,1.8344696e-12,.00056857651,.001006747,15165,23
H3_interaction,coefficient,exercise:0b.gender,0,0,,0,0,15165,23
H3_interaction,coefficient,exercise:1.gender,.2555724179356278,.084998868,.0026403568,.088977695,.42216715,15165,23
H3_interaction,coefficient,exercise:0b.marriage,0,0,,0,0,15165,23
H3_interaction,coefficient,exercise:1.marriage,-.3525365264679215,.033508066,6.9175977e-26,-.41821113,-.28686193,15165,23
H3_interaction,coefficient,exercise:ln_income,.0012941982059774,.0065242541,.84275776,-.011493105,.014081501,15165,23
H3_interaction,coefficient,exercise:1b.health3,0,0,,0,0,15165,23
H3_interaction,coefficient,exercise:2.health3,-.1026500728726883,.10580374,.33195019,-.31002158,.10472144,15165,23
H3_interaction,coefficient,exercise:3.health3,-.0193601936082094,.053010505,.71495146,-.12325887,.084538482,15165,23
H3_interaction,coefficient,exercise:0b.sportsArea,0,0,,0,0,15165,23
H3_interaction,coefficient,exercise:1.sportsArea,.2320044712009753,.055350896,.000027708998,.12351871,.34049022,15165,23
H3_interaction,coefficient,exercise:ln_gdp_hist,.6173622224812852,.24436936,.011525502,.13840707,1.0963174,15165,23
H3_interaction,coefficient,exercise:urban2000_10,-.1075183812065409,.098352708,.27430955,-.30028614,.085249379,15165,23
H3_interaction,coefficient,exercise:2010b.year,0,0,,0,0,15165,23
H3_interaction,coefficient,exercise:2014.year,.8662738503859611,.19916412,.000013641867,.47591934,1.2566284,15165,23
H3_interaction,coefficient,exercise:_cons,-1.027523437589727,.69937795,.14177957,-2.398279,.34323213,15165,23
H3_interaction,AME_quartiles,edu_c:1bn._at,.0494359996947793,.0080112144,6.7924100e-10,.033734307,.065137692,15165,23
H3_interaction,AME_quartiles,edu_c:2._at,.0481936070642579,.0068630259,2.1838681e-12,.034742322,.061644889,15165,23
H3_interaction,AME_difference,P75_minus_P25,-.0012423926305214,.010347695,.90443194,-.021523504,.019038718,15165,23
