model,scale,term,estimate,se,p,lower,upper,N,clusters,status,note
S1_PSM,ATET,edu_high,.0851985559566787,.0091999872,2.0304727e-20,.06716691,.1032302,5540,,ok,1:2 nearest-neighbor matching with replacement and common support; psmatch2 approximate SE
S2_IV_firststage,coefficient,loo_edu,.6274509306095027,.037183773,4.4946994e-14,.55033648,.70456535,15159,23,ok,community-wave leave-one-out mean from pre-complete-case eligible rural sample
S2_IV_probit,coefficient,exercise:edu,.3174864553148056,.085809574,.00021568837,.14930278,.48567015,15159,23,ok,maximum-likelihood IV-probit; latent-index coefficients; province-clustered VCE
S2_IV_probit,coefficient,exercise:0b.plants,0,0,,0,0,15159,23,ok,maximum-likelihood IV-probit; latent-index coefficients; province-clustered VCE
S2_IV_probit,coefficient,exercise:1.plants,-.037118550791164,.12350342,.76376015,-.27918082,.20494372,15159,23,ok,maximum-likelihood IV-probit; latent-index coefficients; province-clustered VCE
S2_IV_probit,coefficient,exercise:age_c,.006052867135367,.0048060543,.20787671,-.0033668266,.015472561,15159,23,ok,maximum-likelihood IV-probit; latent-index coefficients; province-clustered VCE
S2_IV_probit,coefficient,exercise:age_c2,.0004237643837827,.000061182123,4.3205860e-12,.00030384961,.00054367917,15159,23,ok,maximum-likelihood IV-probit; latent-index coefficients; province-clustered VCE
S2_IV_probit,coefficient,exercise:0b.gender,0,0,,0,0,15159,23,ok,maximum-likelihood IV-probit; latent-index coefficients; province-clustered VCE
S2_IV_probit,coefficient,exercise:1.gender,.0920214402076038,.054304436,.090161324,-.0144133,.19845618,15159,23,ok,maximum-likelihood IV-probit; latent-index coefficients; province-clustered VCE
S2_IV_probit,coefficient,exercise:0b.marriage,0,0,,0,0,15159,23,ok,maximum-likelihood IV-probit; latent-index coefficients; province-clustered VCE
S2_IV_probit,coefficient,exercise:1.marriage,-.2014721278892311,.020254914,2.6035026e-23,-.24117103,-.16177323,15159,23,ok,maximum-likelihood IV-probit; latent-index coefficients; province-clustered VCE
S2_IV_probit,coefficient,exercise:ln_income,-.0013091889357134,.0044125686,.76669908,-.0099576646,.0073392866,15159,23,ok,maximum-likelihood IV-probit; latent-index coefficients; province-clustered VCE
S2_IV_probit,coefficient,exercise:1b.health3,0,0,,0,0,15159,23,ok,maximum-likelihood IV-probit; latent-index coefficients; province-clustered VCE
S2_IV_probit,coefficient,exercise:2.health3,-.023669463817422,.061175335,.69882143,-.14357091,.09623199,15159,23,ok,maximum-likelihood IV-probit; latent-index coefficients; province-clustered VCE
S2_IV_probit,coefficient,exercise:3.health3,.0282128315702596,.033482376,.39944249,-.037411422,.093837082,15159,23,ok,maximum-likelihood IV-probit; latent-index coefficients; province-clustered VCE
S2_IV_probit,coefficient,exercise:0b.sportsArea,0,0,,0,0,15159,23,ok,maximum-likelihood IV-probit; latent-index coefficients; province-clustered VCE
S2_IV_probit,coefficient,exercise:1.sportsArea,.1597486468770462,.038490415,.000033196913,.084308818,.23518847,15159,23,ok,maximum-likelihood IV-probit; latent-index coefficients; province-clustered VCE
S2_IV_probit,coefficient,exercise:13b.provcd,0,0,,0,0,15159,23,ok,maximum-likelihood IV-probit; latent-index coefficients; province-clustered VCE
S2_IV_probit,coefficient,exercise:14.provcd,-.008491453439728,.021692056,.69546133,-.051007103,.034024198,15159,23,ok,maximum-likelihood IV-probit; latent-index coefficients; province-clustered VCE
S2_IV_probit,coefficient,exercise:21.provcd,-.0075563454149875,.11156143,.94599849,-.22621273,.21110003,15159,23,ok,maximum-likelihood IV-probit; latent-index coefficients; province-clustered VCE
S2_IV_probit,coefficient,exercise:22.provcd,-.1533735627743418,.11463363,.18091419,-.37805137,.071304239,15159,23,ok,maximum-likelihood IV-probit; latent-index coefficients; province-clustered VCE
S2_IV_probit,coefficient,exercise:23.provcd,.1731907148902586,.079273783,.028909657,.017816963,.32856447,15159,23,ok,maximum-likelihood IV-probit; latent-index coefficients; province-clustered VCE
S2_IV_probit,coefficient,exercise:31.provcd,.1168394371967306,.14597592,.42347786,-.1692681,.40294698,15159,23,ok,maximum-likelihood IV-probit; latent-index coefficients; province-clustered VCE
S2_IV_probit,coefficient,exercise:32.provcd,.3002105942477731,.1037515,.003809084,.096861392,.50355977,15159,23,ok,maximum-likelihood IV-probit; latent-index coefficients; province-clustered VCE
S2_IV_probit,coefficient,exercise:33.provcd,-.2624718625075138,.1200645,.028808981,-.49779394,-.027149772,15159,23,ok,maximum-likelihood IV-probit; latent-index coefficients; province-clustered VCE
S2_IV_probit,coefficient,exercise:34.provcd,-.4018184162887048,.11814182,.00067102193,-.63337213,-.17026472,15159,23,ok,maximum-likelihood IV-probit; latent-index coefficients; province-clustered VCE
S2_IV_probit,coefficient,exercise:35.provcd,-.2472697107176934,.12275096,.0439674,-.48785716,-.0066822553,15159,23,ok,maximum-likelihood IV-probit; latent-index coefficients; province-clustered VCE
S2_IV_probit,coefficient,exercise:36.provcd,-.5290234374938423,.12066288,.000011635419,-.76551837,-.29252854,15159,23,ok,maximum-likelihood IV-probit; latent-index coefficients; province-clustered VCE
S2_IV_probit,coefficient,exercise:37.provcd,-.2352204132088659,.013507909,0,-.26169541,-.20874541,15159,23,ok,maximum-likelihood IV-probit; latent-index coefficients; province-clustered VCE
S2_IV_probit,coefficient,exercise:41.provcd,.0602906190499093,.018516675,.001129868,.023998601,.096582636,15159,23,ok,maximum-likelihood IV-probit; latent-index coefficients; province-clustered VCE
S2_IV_probit,coefficient,exercise:42.provcd,-.3037926752889586,.083966747,.00029687505,-.46836448,-.13922088,15159,23,ok,maximum-likelihood IV-probit; latent-index coefficients; province-clustered VCE
S2_IV_probit,coefficient,exercise:43.provcd,-.409997686253775,.11499501,.00036336834,-.63538378,-.1846116,15159,23,ok,maximum-likelihood IV-probit; latent-index coefficients; province-clustered VCE
S2_IV_probit,coefficient,exercise:44.provcd,-.1888508483851203,.11461202,.099405974,-.41348627,.035784584,15159,23,ok,maximum-likelihood IV-probit; latent-index coefficients; province-clustered VCE
S2_IV_probit,coefficient,exercise:45.provcd,-.4248559085206761,.11817271,.00032412788,-.65647018,-.19324166,15159,23,ok,maximum-likelihood IV-probit; latent-index coefficients; province-clustered VCE
S2_IV_probit,coefficient,exercise:50.provcd,-.0860166276353761,.09897726,.38481733,-.28000849,.10797523,15159,23,ok,maximum-likelihood IV-probit; latent-index coefficients; province-clustered VCE
S2_IV_probit,coefficient,exercise:51.provcd,-.0500907427421585,.098727085,.61189818,-.24359226,.14341079,15159,23,ok,maximum-likelihood IV-probit; latent-index coefficients; province-clustered VCE
S2_IV_probit,coefficient,exercise:52.provcd,-.3804747132729219,.12646665,.0026254219,-.62834477,-.13260463,15159,23,ok,maximum-likelihood IV-probit; latent-index coefficients; province-clustered VCE
S2_IV_probit,coefficient,exercise:53.provcd,-.4561897111018346,.10511763,.000014261094,-.66221648,-.25016296,15159,23,ok,maximum-likelihood IV-probit; latent-index coefficients; province-clustered VCE
S2_IV_probit,coefficient,exercise:61.provcd,-.170794391744622,.022206863,1.4591726e-14,-.21431905,-.12726974,15159,23,ok,maximum-likelihood IV-probit; latent-index coefficients; province-clustered VCE
S2_IV_probit,coefficient,exercise:62.provcd,-.1788439567684458,.052225545,.00061603711,-.28120413,-.076483771,15159,23,ok,maximum-likelihood IV-probit; latent-index coefficients; province-clustered VCE
S2_IV_probit,coefficient,exercise:2010b.year,0,0,,0,0,15159,23,ok,maximum-likelihood IV-probit; latent-index coefficients; province-clustered VCE
S2_IV_probit,coefficient,exercise:2014.year,.4601503131734204,.11659932,.000079327248,.23161983,.68868077,15159,23,ok,maximum-likelihood IV-probit; latent-index coefficients; province-clustered VCE
S2_IV_probit,coefficient,exercise:_cons,-1.69649570171614,.20108262,3.2611860e-17,-2.0906105,-1.302381,15159,23,ok,maximum-likelihood IV-probit; latent-index coefficients; province-clustered VCE
S2_IV_probit,coefficient,edu:0b.plants,0,0,,0,0,15159,23,ok,maximum-likelihood IV-probit; latent-index coefficients; province-clustered VCE
S2_IV_probit,coefficient,edu:1.plants,-.0744782195723344,.075869061,.32626352,-.22317885,.074222416,15159,23,ok,maximum-likelihood IV-probit; latent-index coefficients; province-clustered VCE
S2_IV_probit,coefficient,edu:age_c,-.0245551837346881,.00070050271,0,-.025928143,-.023182224,15159,23,ok,maximum-likelihood IV-probit; latent-index coefficients; province-clustered VCE
S2_IV_probit,coefficient,edu:age_c2,.0000635493862884,.000055977933,.25626731,-.000046165351,.00017326412,15159,23,ok,maximum-likelihood IV-probit; latent-index coefficients; province-clustered VCE
S2_IV_probit,coefficient,edu:0b.gender,0,0,,0,0,15159,23,ok,maximum-likelihood IV-probit; latent-index coefficients; province-clustered VCE
S2_IV_probit,coefficient,edu:1.gender,.4449150614420861,.035120286,8.8590842e-37,.37608057,.51374954,15159,23,ok,maximum-likelihood IV-probit; latent-index coefficients; province-clustered VCE
S2_IV_probit,coefficient,edu:0b.marriage,0,0,,0,0,15159,23,ok,maximum-likelihood IV-probit; latent-index coefficients; province-clustered VCE
S2_IV_probit,coefficient,edu:1.marriage,-.0587032950407312,.030157022,.051584154,-.11780997,.00040338162,15159,23,ok,maximum-likelihood IV-probit; latent-index coefficients; province-clustered VCE
S2_IV_probit,coefficient,edu:ln_income,.0217033907860988,.0023999538,1.5207626e-19,.016999569,.026407214,15159,23,ok,maximum-likelihood IV-probit; latent-index coefficients; province-clustered VCE
S2_IV_probit,coefficient,edu:1b.health3,0,0,,0,0,15159,23,ok,maximum-likelihood IV-probit; latent-index coefficients; province-clustered VCE
S2_IV_probit,coefficient,edu:2.health3,-.0883485256795374,.020373531,.000014481123,-.12827991,-.048417136,15159,23,ok,maximum-likelihood IV-probit; latent-index coefficients; province-clustered VCE
S2_IV_probit,coefficient,edu:3.health3,-.1825690445796931,.029043745,3.2574540e-10,-.23949374,-.12564436,15159,23,ok,maximum-likelihood IV-probit; latent-index coefficients; province-clustered VCE
S2_IV_probit,coefficient,edu:0b.sportsArea,0,0,,0,0,15159,23,ok,maximum-likelihood IV-probit; latent-index coefficients; province-clustered VCE
S2_IV_probit,coefficient,edu:1.sportsArea,.0234082549893371,.011340001,.038996864,.001182263,.045634247,15159,23,ok,maximum-likelihood IV-probit; latent-index coefficients; province-clustered VCE
S2_IV_probit,coefficient,edu:13b.provcd,0,0,,0,0,15159,23,ok,maximum-likelihood IV-probit; latent-index coefficients; province-clustered VCE
S2_IV_probit,coefficient,edu:14.provcd,-.0126555070069749,.0071637304,.077293821,-.02669616,.0013851466,15159,23,ok,maximum-likelihood IV-probit; latent-index coefficients; province-clustered VCE
S2_IV_probit,coefficient,edu:21.provcd,-.0915462022745262,.067208968,.17316228,-.22327337,.040180959,15159,23,ok,maximum-likelihood IV-probit; latent-index coefficients; province-clustered VCE
S2_IV_probit,coefficient,edu:22.provcd,-.0249374055596409,.070903189,.72505528,-.1639051,.11403029,15159,23,ok,maximum-likelihood IV-probit; latent-index coefficients; province-clustered VCE
S2_IV_probit,coefficient,edu:23.provcd,-.1039734738702595,.04163377,.012513065,-.18557416,-.022372786,15159,23,ok,maximum-likelihood IV-probit; latent-index coefficients; province-clustered VCE
S2_IV_probit,coefficient,edu:31.provcd,.0727729903430974,.083018027,.38070795,-.089939348,.23548533,15159,23,ok,maximum-likelihood IV-probit; latent-index coefficients; province-clustered VCE
S2_IV_probit,coefficient,edu:32.provcd,-.154334813644163,.039016489,.000076333112,-.23080572,-.077863894,15159,23,ok,maximum-likelihood IV-probit; latent-index coefficients; province-clustered VCE
S2_IV_probit,coefficient,edu:33.provcd,-.1023067171990775,.069873795,.14314906,-.23925684,.034643408,15159,23,ok,maximum-likelihood IV-probit; latent-index coefficients; province-clustered VCE
S2_IV_probit,coefficient,edu:34.provcd,-.19204739094364,.064467549,.0028921198,-.31840149,-.065693311,15159,23,ok,maximum-likelihood IV-probit; latent-index coefficients; province-clustered VCE
S2_IV_probit,coefficient,edu:35.provcd,-.2260232602622962,.06355305,.00037589986,-.35058495,-.10146157,15159,23,ok,maximum-likelihood IV-probit; latent-index coefficients; province-clustered VCE
S2_IV_probit,coefficient,edu:36.provcd,-.1905450699781622,.065775156,.0037685109,-.319462,-.061628137,15159,23,ok,maximum-likelihood IV-probit; latent-index coefficients; province-clustered VCE
S2_IV_probit,coefficient,edu:37.provcd,-.0118226346489963,.0094926953,.21296805,-.030427976,.0067827068,15159,23,ok,maximum-likelihood IV-probit; latent-index coefficients; province-clustered VCE
S2_IV_probit,coefficient,edu:41.provcd,-.0311846965229074,.0090779085,.00059205282,-.04897707,-.013392323,15159,23,ok,maximum-likelihood IV-probit; latent-index coefficients; province-clustered VCE
S2_IV_probit,coefficient,edu:42.provcd,-.0232490308761522,.049305052,.63725913,-.11988515,.073387094,15159,23,ok,maximum-likelihood IV-probit; latent-index coefficients; province-clustered VCE
S2_IV_probit,coefficient,edu:43.provcd,-.0043041779737179,.067616977,.94924468,-.13683102,.12822266,15159,23,ok,maximum-likelihood IV-probit; latent-index coefficients; province-clustered VCE
S2_IV_probit,coefficient,edu:44.provcd,-.0988689574482484,.067650549,.14388768,-.2314616,.033723682,15159,23,ok,maximum-likelihood IV-probit; latent-index coefficients; province-clustered VCE
S2_IV_probit,coefficient,edu:45.provcd,-.1638749607049084,.068395928,.016576199,-.29792851,-.029821411,15159,23,ok,maximum-likelihood IV-probit; latent-index coefficients; province-clustered VCE
S2_IV_probit,coefficient,edu:50.provcd,-.2251597269350638,.050037008,6.7996966e-06,-.32323045,-.12708899,15159,23,ok,maximum-likelihood IV-probit; latent-index coefficients; province-clustered VCE
S2_IV_probit,coefficient,edu:51.provcd,-.196765300381103,.04850395,.000049773887,-.29183128,-.10169931,15159,23,ok,maximum-likelihood IV-probit; latent-index coefficients; province-clustered VCE
S2_IV_probit,coefficient,edu:52.provcd,-.314627104084735,.064025357,8.9190598e-07,-.4401145,-.18913971,15159,23,ok,maximum-likelihood IV-probit; latent-index coefficients; province-clustered VCE
S2_IV_probit,coefficient,edu:53.provcd,-.2460793375747339,.057414737,.000018192222,-.35861015,-.13354851,15159,23,ok,maximum-likelihood IV-probit; latent-index coefficients; province-clustered VCE
S2_IV_probit,coefficient,edu:61.provcd,-.0210552516880355,.0096439738,.029017059,-.039957095,-.0021534099,15159,23,ok,maximum-likelihood IV-probit; latent-index coefficients; province-clustered VCE
S2_IV_probit,coefficient,edu:62.provcd,-.1975150052749672,.020713095,1.4879759e-21,-.23811193,-.15691809,15159,23,ok,maximum-likelihood IV-probit; latent-index coefficients; province-clustered VCE
S2_IV_probit,coefficient,edu:2010b.year,0,0,,0,0,15159,23,ok,maximum-likelihood IV-probit; latent-index coefficients; province-clustered VCE
S2_IV_probit,coefficient,edu:2014.year,.1181007911076296,.012811866,3.0246984e-20,.092989996,.14321159,15159,23,ok,maximum-likelihood IV-probit; latent-index coefficients; province-clustered VCE
S2_IV_probit,coefficient,edu:loo_edu,.6274509306095376,.037143275,0,.55465144,.70025039,15159,23,ok,maximum-likelihood IV-probit; latent-index coefficients; province-clustered VCE
S2_IV_probit,coefficient,edu:_cons,.6380605075947922,.11697286,4.9035151e-08,.40879792,.8673231,15159,23,ok,maximum-likelihood IV-probit; latent-index coefficients; province-clustered VCE
S2_IV_probit,coefficient,/athrho2_1,-.1148513119758557,.08652845,.18440142,-.28444394,.05474133,15159,23,ok,maximum-likelihood IV-probit; latent-index coefficients; province-clustered VCE
S2_IV_probit,coefficient,/lnsigma2,-.107471232571285,.012975534,1.2050887e-16,-.13290282,-.082039654,15159,23,ok,maximum-likelihood IV-probit; latent-index coefficients; province-clustered VCE
S2_IV_probit,AME,edu,.0777895997989033,.021946106,.00039324793,.034776021,.12080318,15159,23,ok,average probability derivative from the fitted IV-probit; not evidence that the exclusion restriction holds
S3_KHB,coefficient,edu:Reduced,.2008630058982019,.017778818,1.3441872e-29,.16601716,.23570885,15165,,ok,"KHB probit total, direct and rescaling-adjusted difference; cognition is not treated as causally identified mediation"
S3_KHB,coefficient,edu:Full,.0929870393710404,.024728084,.00016965416,.044520885,.14145319,15165,,ok,"KHB probit total, direct and rescaling-adjusted difference; cognition is not treated as causally identified mediation"
S3_KHB,coefficient,edu:Diff,.1078759665271615,.016419047,5.0257076e-11,.075695224,.14005671,15165,,ok,"KHB probit total, direct and rescaling-adjusted difference; cognition is not treated as causally identified mediation"
S3_KHB_disentangle,component,edu:word_z,.054303945938113,.0096468609,1.8106492e-08,.035396446,.073211446,15165,,ok,KHB contribution of standardized word and math scores to the nested-model coefficient difference
S3_KHB_disentangle,component,edu:math_z,.0535720206024272,.020570314,.0092052277,.013254948,.093889095,15165,,ok,KHB contribution of standardized word and math scores to the nested-model coefficient difference
S4_lag,coefficient,exercise2014:edu2010,.2124755210546668,.081827484,.0094143851,.052096605,.37285444,3533,19,ok,"2014 exercise on 2010 education and standardized cognition, controlling 2010 exercise/covariates; selected two-wave sample"
S4_lag,coefficient,exercise2014:word_z2010,.0639441872813813,.08370845,.44493181,-.10012136,.22800973,3533,19,ok,"2014 exercise on 2010 education and standardized cognition, controlling 2010 exercise/covariates; selected two-wave sample"
S4_lag,coefficient,exercise2014:math_z2010,.0161819512588833,.083393946,.84614277,-.14726719,.17963108,3533,19,ok,"2014 exercise on 2010 education and standardized cognition, controlling 2010 exercise/covariates; selected two-wave sample"
S4_lag,coefficient,exercise2014:0b.exercise2010,0,0,,0,0,3533,19,ok,"2014 exercise on 2010 education and standardized cognition, controlling 2010 exercise/covariates; selected two-wave sample"
S4_lag,coefficient,exercise2014:1.exercise2010,.811162225105436,.05702626,0,.6993928,.92293161,3533,19,ok,"2014 exercise on 2010 education and standardized cognition, controlling 2010 exercise/covariates; selected two-wave sample"
S4_lag,coefficient,exercise2014:0b.plants2010,0,0,,0,0,3533,19,ok,"2014 exercise on 2010 education and standardized cognition, controlling 2010 exercise/covariates; selected two-wave sample"
S4_lag,coefficient,exercise2014:1.plants2010,.1135911983284979,.42273355,.78815567,-.71495134,.94213372,3533,19,ok,"2014 exercise on 2010 education and standardized cognition, controlling 2010 exercise/covariates; selected two-wave sample"
S4_lag,coefficient,exercise2014:age_c2010,.016683971536506,.007580088,.027734173,.0018272722,.03154067,3533,19,ok,"2014 exercise on 2010 education and standardized cognition, controlling 2010 exercise/covariates; selected two-wave sample"
S4_lag,coefficient,exercise2014:age_c22010,.0003530139866536,.00020816109,.089910641,-.00005497424,.00076100219,3533,19,ok,"2014 exercise on 2010 education and standardized cognition, controlling 2010 exercise/covariates; selected two-wave sample"
S4_lag,coefficient,exercise2014:0b.gender2010,0,0,,0,0,3533,19,ok,"2014 exercise on 2010 education and standardized cognition, controlling 2010 exercise/covariates; selected two-wave sample"
S4_lag,coefficient,exercise2014:1.gender2010,-.0389886583590158,.098504737,.69224894,-.23205438,.15407707,3533,19,ok,"2014 exercise on 2010 education and standardized cognition, controlling 2010 exercise/covariates; selected two-wave sample"
S4_lag,coefficient,exercise2014:0b.marriage2010,0,0,,0,0,3533,19,ok,"2014 exercise on 2010 education and standardized cognition, controlling 2010 exercise/covariates; selected two-wave sample"
S4_lag,coefficient,exercise2014:1.marriage2010,.0603465188774172,.14447783,.67617595,-.22282484,.34351787,3533,19,ok,"2014 exercise on 2010 education and standardized cognition, controlling 2010 exercise/covariates; selected two-wave sample"
S4_lag,coefficient,exercise2014:ln_income2010,.0044397969736292,.007745327,.56649393,-.010740764,.019620359,3533,19,ok,"2014 exercise on 2010 education and standardized cognition, controlling 2010 exercise/covariates; selected two-wave sample"
S4_lag,coefficient,exercise2014:1b.health32010,0,0,,0,0,3533,19,ok,"2014 exercise on 2010 education and standardized cognition, controlling 2010 exercise/covariates; selected two-wave sample"
S4_lag,coefficient,exercise2014:2.health32010,-.1409894113386795,.19354057,.46632305,-.52032197,.23834313,3533,19,ok,"2014 exercise on 2010 education and standardized cognition, controlling 2010 exercise/covariates; selected two-wave sample"
S4_lag,coefficient,exercise2014:3.health32010,-.0670357078469182,.18630981,.71899092,-.43219623,.29812482,3533,19,ok,"2014 exercise on 2010 education and standardized cognition, controlling 2010 exercise/covariates; selected two-wave sample"
S4_lag,coefficient,exercise2014:0b.sportsArea2010,0,0,,0,0,3533,19,ok,"2014 exercise on 2010 education and standardized cognition, controlling 2010 exercise/covariates; selected two-wave sample"
S4_lag,coefficient,exercise2014:1.sportsArea2010,.0261788337764732,.13158004,.842296,-.23171331,.28407097,3533,19,ok,"2014 exercise on 2010 education and standardized cognition, controlling 2010 exercise/covariates; selected two-wave sample"
S4_lag,coefficient,exercise2014:13b.provcd2010,0,0,,0,0,3533,19,ok,"2014 exercise on 2010 education and standardized cognition, controlling 2010 exercise/covariates; selected two-wave sample"
S4_lag,coefficient,exercise2014:14.provcd2010,.7055906652809067,.066939488,5.6065737e-26,.57439166,.83678967,3533,19,ok,"2014 exercise on 2010 education and standardized cognition, controlling 2010 exercise/covariates; selected two-wave sample"
S4_lag,coefficient,exercise2014:21.provcd2010,.2351152616252414,.42642194,.58138168,-.60065639,1.0708869,3533,19,ok,"2014 exercise on 2010 education and standardized cognition, controlling 2010 exercise/covariates; selected two-wave sample"
S4_lag,coefficient,exercise2014:22.provcd2010,1.657198322203898,.42364511,.000091625596,.82686919,2.4875274,3533,19,ok,"2014 exercise on 2010 education and standardized cognition, controlling 2010 exercise/covariates; selected two-wave sample"
S4_lag,coefficient,exercise2014:23o.provcd2010,0,0,,0,0,3533,19,ok,"2014 exercise on 2010 education and standardized cognition, controlling 2010 exercise/covariates; selected two-wave sample"
S4_lag,coefficient,exercise2014:33o.provcd2010,0,0,,0,0,3533,19,ok,"2014 exercise on 2010 education and standardized cognition, controlling 2010 exercise/covariates; selected two-wave sample"
S4_lag,coefficient,exercise2014:34.provcd2010,-.2099791651316204,.43331406,.62796801,-1.0592592,.63930076,3533,19,ok,"2014 exercise on 2010 education and standardized cognition, controlling 2010 exercise/covariates; selected two-wave sample"
S4_lag,coefficient,exercise2014:35.provcd2010,.1667970670932701,.44669479,.70884871,-.70870858,1.0423027,3533,19,ok,"2014 exercise on 2010 education and standardized cognition, controlling 2010 exercise/covariates; selected two-wave sample"
S4_lag,coefficient,exercise2014:36.provcd2010,-.8789189591054067,.43293232,.042340957,-1.7274507,-.030387232,3533,19,ok,"2014 exercise on 2010 education and standardized cognition, controlling 2010 exercise/covariates; selected two-wave sample"
S4_lag,coefficient,exercise2014:37.provcd2010,-.2709203918929476,.022943161,3.5351653e-32,-.31588817,-.22595263,3533,19,ok,"2014 exercise on 2010 education and standardized cognition, controlling 2010 exercise/covariates; selected two-wave sample"
S4_lag,coefficient,exercise2014:41.provcd2010,-.3444358497982446,.034313779,1.0393638e-23,-.41168961,-.27718207,3533,19,ok,"2014 exercise on 2010 education and standardized cognition, controlling 2010 exercise/covariates; selected two-wave sample"
S4_lag,coefficient,exercise2014:42.provcd2010,-.7204742343557941,.27629527,.0091172988,-1.2620031,-.17894545,3533,19,ok,"2014 exercise on 2010 education and standardized cognition, controlling 2010 exercise/covariates; selected two-wave sample"
S4_lag,coefficient,exercise2014:43.provcd2010,-.9839112925425884,.43024114,.02220263,-1.8271685,-.14065418,3533,19,ok,"2014 exercise on 2010 education and standardized cognition, controlling 2010 exercise/covariates; selected two-wave sample"
S4_lag,coefficient,exercise2014:44.provcd2010,-.0976951287018077,.42602092,.8186202,-.93268079,.7372905,3533,19,ok,"2014 exercise on 2010 education and standardized cognition, controlling 2010 exercise/covariates; selected two-wave sample"
S4_lag,coefficient,exercise2014:45.provcd2010,-.6651452105749525,.42726529,.11952987,-1.5025698,.17227939,3533,19,ok,"2014 exercise on 2010 education and standardized cognition, controlling 2010 exercise/covariates; selected two-wave sample"
S4_lag,coefficient,exercise2014:50.provcd2010,.5559291521781405,.38292897,.1465624,-.19459784,1.3064561,3533,19,ok,"2014 exercise on 2010 education and standardized cognition, controlling 2010 exercise/covariates; selected two-wave sample"
S4_lag,coefficient,exercise2014:51.provcd2010,.4539286192635515,.39734483,.25328583,-.32485294,1.2327101,3533,19,ok,"2014 exercise on 2010 education and standardized cognition, controlling 2010 exercise/covariates; selected two-wave sample"
S4_lag,coefficient,exercise2014:52.provcd2010,.0195874111760033,.43077847,.96373284,-.82472289,.86389768,3533,19,ok,"2014 exercise on 2010 education and standardized cognition, controlling 2010 exercise/covariates; selected two-wave sample"
S4_lag,coefficient,exercise2014:53.provcd2010,-.822978818656567,.39905369,.039176702,-1.6051097,-.040847968,3533,19,ok,"2014 exercise on 2010 education and standardized cognition, controlling 2010 exercise/covariates; selected two-wave sample"
S4_lag,coefficient,exercise2014:61.provcd2010,-.4659607961998549,.085615851,5.2549900e-08,-.6337648,-.29815683,3533,19,ok,"2014 exercise on 2010 education and standardized cognition, controlling 2010 exercise/covariates; selected two-wave sample"
S4_lag,coefficient,exercise2014:62.provcd2010,-.5857247884671603,.046210315,8.1156095e-37,-.67629534,-.49515423,3533,19,ok,"2014 exercise on 2010 education and standardized cognition, controlling 2010 exercise/covariates; selected two-wave sample"
S4_lag,coefficient,exercise2014:_cons,-1.709451087380228,.46507034,.0002372141,-2.6209722,-.79792994,3533,19,ok,"2014 exercise on 2010 education and standardized cognition, controlling 2010 exercise/covariates; selected two-wave sample"
S4_lag,AME,edu2010,.0358925341785702,.013827754,.0094401753,.0087906346,.062994435,3533,19,ok,average probability derivatives in the selected two-wave sample; temporal ordering does not identify mediation
S4_lag,AME,word_z2010,.0108018039731145,.014086224,.44317988,-.016806688,.038410295,3533,19,ok,average probability derivatives in the selected two-wave sample; temporal ordering does not identify mediation
S4_lag,AME,math_z2010,.0027335442490149,.014089645,.84616739,-.024881652,.030348741,3533,19,ok,average probability derivatives in the selected two-wave sample; temporal ordering does not identify mediation
